,b771c80c-3077-48d0-acd1-90a8a6d34023,7325099f-cd6e-43a8-b082-b6aaf6c6d36e,420ab622-ff97-4b1b-a12a-d990a88ca040
0,b.o.bi.dobrn@gmail.com,,
1,b.o.bidobrn@gmail.com,,
2,,b.ob.i.dobrn@gmail.com,
3,,b.o.b.i.dobrn@gmail.com,
4,,bobid.obrn@gmail.com,
5,b.ob.idobrn@gmail.com,,
6,bo.bi.dobrn@gmail.com,,
7,bo.b.idobrn@gmail.com,,
8,,bo.b.i.dobrn@gmail.com,
9,,b.obid.obrn@gmail.com,
10,bob.idobrn@gmail.com,,
11,bobi.dobrn@gmail.com,,
12,bo.bidobrn@gmail.com,,
13,b.obidobrn@gmail.com,,
14,b.o.b.idobrn@gmail.com,,
15,b.obi.dobrn@gmail.com,,
16,,bo.bid.obrn@gmail.com,
17,,bo.b.id.obrn@gmail.com,
18,,bob.id.obrn@gmail.com,
19,,,b.ob.i.d.obrn@gmail.com
20,,b.o.b.id.obrn@gmail.com,
21,,,bo.bi.d.obrn@gmail.com
22,,,bo.b.i.d.obrn@gmail.com
23,,b.ob.id.obrn@gmail.com,
24,,,bob.i.d.obrn@gmail.com
25,,,b.o.bido.brn@gmail.com
26,,b.o.bid.obrn@gmail.com,
27,,bobi.d.obrn@gmail.com,
28,,,b.obi.d.obrn@gmail.com
29,,,bobido.brn@gmail.com
30,bob.i.dobrn@gmail.com,,
31,,,b.o.b.i.d.obrn@gmail.com
32,,,b.obido.brn@gmail.com
33,,,bob.ido.brn@gmail.com
34,,,bo.b.ido.brn@gmail.com
35,,,bobi.do.brn@gmail.com
36,,,b.o.bi.d.obrn@gmail.com
37,,,b.ob.ido.brn@gmail.com
38,,,b.o.b.ido.brn@gmail.com
39,,,bo.bido.brn@gmail.com
